user_id,user_x,user_y,user_floor,user_weight,team,feedback,room_x,room_y,room_floor,prompt_type,prompt_description,prompt_weight,tasks_performed_day,team_prompts,goalsetting,date_time,total_weight
99,86.0,20.34,3,0.4,7,1,70,30,4,task,disable_heating,0.2,0,-1,0.0,2021-01-01 08:00:00,0.5065037675033252
99,86.0,20.34,3,0.4,7,1,50,30,4,task,enable_airco,0.25,1,-1,0.0,2021-01-01 08:10:00,0.44442692504792086
1,44.98,18.6,0,0.923,0,1,50,30,4,task,enable_airco,0.25,0,0,0.0,2021-01-01 08:13:00,0.5234521447170434
77,37.95,27.67,1,0.901,2,1,50,10,4,task,enable_airco,0.25,0,0,0.0,2021-01-01 08:20:00,0.5725061773750404
49,86.45,26.42,2,0.126,5,0,70,30,6,question,check_window,0.1,0,-1,0.0,2021-01-01 08:30:00,0.3007983740696866
89,3.03,4.75,4,0.324,8,0,70,30,6,question,check_window,0.1,0,0,0.0,2021-01-01 08:33:00,0.4258786138544967
84,20.19,21.52,5,0.033,10,0,70,30,6,question,check_window,0.1,0,0,0.0,2021-01-01 08:36:00,0.3880571750397484
29,47.93,6.94,5,0.838,10,0,70,30,6,question,check_window,0.1,0,0,0.0,2021-01-01 08:39:00,0.7241428263226375
14,83.74,33.95,7,0.749,15,1,30,30,2,task,disable_airco,0.25,0,-1,0.0,2021-01-01 08:40:00,0.3391905625148764
7,88.18,0.14,7,0.268,15,0,30,30,2,task,disable_airco,0.25,0,-1,0.0,2021-01-01 08:43:00,0.2167478149226595
12,72.79,30.43,0,0.085,1,0,30,30,2,task,disable_airco,0.25,0,-1,0.0,2021-01-01 08:46:00,0.2855069243493187
30,65.87,5.73,0,0.819,1,1,30,30,2,task,disable_airco,0.25,0,-1,0.0,2021-01-01 08:49:00,0.525817377725141
45,74.53,24.19,7,0.062,15,0,50,10,3,task,enable_airco,0.25,0,-1,0.0,2021-01-01 08:50:00,0.22986713916587725
37,46.21,11.16,1,0.092,2,1,50,10,3,task,enable_airco,0.25,0,1,0.0006641760066417601,2021-01-01 08:53:00,0.3823559656330275
16,29.93,32.36,0,0.572,0,0,50,10,3,task,enable_airco,0.25,0,1,0.0006641760066417601,2021-01-01 08:56:00,0.4212848231152475
68,74.82,6.5,2,0.714,5,1,50,10,3,task,enable_airco,0.25,0,-1,0.0,2021-01-01 08:59:00,0.5723810618916426
3,83.96,17.89,3,0.234,7,0,50,30,1,task,disable_lightning,0.15,0,-1,0.0,2021-01-01 09:00:00,0.37438070622443825
53,84.35,21.46,3,0.765,7,1,50,30,1,task,disable_lightning,0.15,0,-1,0.0,2021-01-01 09:03:00,0.5900078999135447
96,59.88,9.94,2,0.319,5,0,30,10,5,task,open_window,0.2,0,-1,0.0,2021-01-01 09:10:00,0.34293341643525294
3,83.96,17.89,3,0.234,7,0,30,10,5,task,open_window,0.2,1,-1,0.0,2021-01-01 09:13:00,0.32919510850521533
99,86.0,20.34,3,0.4,7,1,30,10,5,task,open_window,0.2,2,-1,0.0,2021-01-01 09:16:00,0.39987026349020854
76,98.14,17.28,1,0.271,3,1,30,10,5,task,open_window,0.2,0,-1,0.0,2021-01-01 09:19:00,0.29065201432120025
62,78.91,37.37,1,0.866,3,0,30,10,5,task,open_window,0.2,0,-1,0.0,2021-01-01 09:22:00,0.40124412279952526
65,87.2,20.02,6,0.649,13,1,30,10,5,task,open_window,0.2,0,-1,0.0,2021-01-01 09:25:00,0.5397448751106375
72,38.27,34.99,4,0.728,8,1,50,30,1,question,check_heating,0.1,0,0,0.0,2021-01-01 09:20:00,0.6376273358349975
18,45.51,4.61,2,0.652,4,0,70,30,1,task,disable_airco,0.25,0,0,0.0,2021-01-01 09:30:00,0.5378340108480715
11,2.98,26.73,3,0.648,6,0,30,30,7,task,disable_heating,0.2,0,0,0.0,2021-01-01 09:40:00,0.4196970196916871
92,97.69,23.86,7,0.77,15,1,30,30,7,task,disable_heating,0.2,0,-1,0.0,2021-01-01 09:43:00,0.6168928381003321
27,7.16,26.17,0,0.953,0,1,70,10,5,task,open_window,0.2,0,1,0.0006641760066417601,2021-01-01 09:50:00,0.4314466453320712
83,93.36,34.91,6,0.34,13,1,70,10,5,task,open_window,0.2,0,-1,0.0,2021-01-01 09:53:00,0.4666628987132175
51,95.98,11.89,3,0.144,7,1,70,10,5,task,open_window,0.2,0,-1,0.0,2021-01-01 09:56:00,0.3684060422167831
50,44.22,20.2,3,0.487,6,0,70,10,5,task,open_window,0.2,0,0,0.0,2021-01-01 09:59:00,0.47688659909439923
32,5.44,1.27,7,0.382,14,1,70,10,5,task,open_window,0.2,0,0,0.0,2021-01-01 10:02:00,0.44240381104995735
89,3.03,4.75,4,0.324,8,0,70,10,5,task,open_window,0.2,1,1,0.0006641760066417601,2021-01-01 10:05:00,0.4143340161396463
96,59.88,9.94,2,0.319,5,0,70,10,5,task,open_window,0.2,1,-1,0.0,2021-01-01 10:08:00,0.3525892176361973
80,42.3,27.06,4,0.184,8,1,70,10,5,task,open_window,0.2,0,1,0.0006641760066417601,2021-01-01 10:11:00,0.45538511786170216
72,38.27,34.99,4,0.728,8,1,70,10,5,task,open_window,0.2,1,1,0.0006641760066417601,2021-01-01 10:14:00,0.6385127554620246
84,20.19,21.52,5,0.033,10,0,70,10,7,task,turn_off_device,0.15,1,1,0.0006641760066417601,2021-01-01 10:00:00,0.3249664528539727
32,5.44,1.27,7,0.382,14,1,70,10,7,task,turn_off_device,0.15,1,0,0.0,2021-01-01 10:03:00,0.5559604789293752
58,87.75,9.58,5,0.846,11,1,50,10,0,task,disable_airco,0.25,0,-1,0.0,2021-01-01 10:10:00,0.3732766604445856
85,29.52,2.73,6,0.761,12,0,50,10,0,task,disable_airco,0.25,0,0,0.0,2021-01-01 10:13:00,0.31497483150688443
21,97.01,37.2,2,0.629,5,0,50,10,0,task,disable_airco,0.25,0,-1,0.0,2021-01-01 10:16:00,0.41596782474705246
12,72.79,30.43,0,0.085,1,0,50,10,0,task,disable_airco,0.25,1,-1,0.0,2021-01-01 10:19:00,0.34825818042609313
48,77.91,2.37,0,0.64,1,0,50,10,0,task,disable_airco,0.25,0,-1,0.0,2021-01-01 10:22:00,0.5393804820529169
33,66.1,6.62,3,0.076,7,1,90,20,6,task,open_window,0.2,0,-1,0.0,2021-01-01 10:20:00,0.3096353476869372
87,25.74,14.33,6,0.039,12,1,90,20,6,task,open_window,0.2,0,0,0.0,2021-01-01 10:23:00,0.40211561784186634
15,64.2,26.98,6,0.806,13,0,90,20,6,task,open_window,0.2,0,-1,0.0,2021-01-01 10:26:00,0.6370433060893125
4,8.95,20.94,5,0.24,10,0,70,30,2,task,open_window,0.2,0,1,0.0006641760066417601,2021-01-01 10:30:00,0.3265347763190596
82,50.97,9.85,4,0.067,9,0,70,30,2,task,open_window,0.2,0,-1,0.0,2021-01-01 10:33:00,0.3110894491807418
52,89.08,12.12,4,0.567,9,0,70,30,2,task,open_window,0.2,0,-1,0.0,2021-01-01 10:36:00,0.4586382483620447
94,93.28,28.54,6,0.244,13,0,70,30,2,task,open_window,0.2,0,-1,0.0,2021-01-01 10:39:00,0.290778008888352
27,7.16,26.17,0,0.953,0,1,70,30,2,task,open_window,0.2,1,1,0.0006641760066417601,2021-01-01 10:42:00,0.6163096259580944
59,25.78,30.62,2,0.722,4,0,90,20,5,task,turn_off_device,0.15,0,1,0.0006641760066417601,2021-01-01 10:40:00,0.47741373493899736
89,3.03,4.75,4,0.324,8,0,90,20,5,task,turn_off_device,0.15,2,2,0.0013283520132835202,2021-01-01 10:43:00,0.40625420477414814
6,61.26,28.15,5,0.594,11,1,90,20,5,task,turn_off_device,0.15,0,-1,0.0,2021-01-01 10:46:00,0.6520441763397701
36,95.58,4.63,2,0.625,5,0,30,10,1,task,turn_off_device,0.15,0,-1,0.0,2021-01-01 10:50:00,0.5031381831423267
31,8.33,32.68,7,0.83,14,1,70,10,5,question,check_window,0.1,0,1,0.0006641760066417601,2021-01-01 11:00:00,0.6579970906774811
27,7.16,26.17,0,0.953,0,1,50,30,1,task,disable_heating,0.2,2,2,0.0013283520132835202,2021-01-01 11:10:00,0.702150002342768
65,87.2,20.02,6,0.649,13,1,30,10,7,task,enable_heating,0.2,1,-1,0.0,2021-01-01 11:20:00,0.5289499776084247
15,64.2,26.98,6,0.806,13,0,30,10,1,question,check_heating,0.1,1,-1,0.0,2021-01-01 11:30:00,0.3899927916989619
4,8.95,20.94,5,0.24,10,0,30,10,1,question,check_heating,0.1,1,1,0.0006641760066417601,2021-01-01 11:33:00,0.35114414343661304
95,16.89,6.72,6,0.925,12,0,30,10,1,question,check_heating,0.1,0,0,0.0,2021-01-01 11:36:00,0.4958186244195013
54,36.91,35.8,1,0.151,2,1,30,10,1,question,check_heating,0.1,0,1,0.0006641760066417601,2021-01-01 11:39:00,0.5526595785982243
84,20.19,21.52,5,0.033,10,0,70,10,4,task,enable_airco,0.25,2,1,0.0006641760066417601,2021-01-01 11:40:00,0.3099402688146513
67,64.34,6.07,6,0.58,13,0,70,10,4,task,enable_airco,0.25,0,-1,0.0,2021-01-01 11:43:00,0.4541121412227635
4,8.95,20.94,5,0.24,10,0,70,10,4,task,enable_airco,0.25,2,1,0.0006641760066417601,2021-01-01 11:46:00,0.3614032416241938
45,74.53,24.19,7,0.062,15,0,70,10,4,task,enable_airco,0.25,1,-1,0.0,2021-01-01 11:49:00,0.2631334792438728
29,47.93,6.94,5,0.838,10,0,70,10,4,task,enable_airco,0.25,1,1,0.0006641760066417601,2021-01-01 11:52:00,0.6055936676706299
10,13.69,1.25,7,0.91,14,1,50,30,1,question,check_window,0.1,0,2,0.0013283520132835202,2021-01-01 11:50:00,0.42387495708613476
18,45.51,4.61,2,0.652,4,0,50,30,1,question,check_window,0.1,1,1,0.0006641760066417601,2021-01-01 11:53:00,0.6475871332954946
94,93.28,28.54,6,0.244,13,0,10,20,7,question,check_lightning,0.05,1,-1,0.0,2021-01-01 12:00:00,0.40123492290315965
6,61.26,28.15,5,0.594,11,1,10,20,7,question,check_lightning,0.05,1,-1,0.0,2021-01-01 12:03:00,0.559330128675565
96,59.88,9.94,2,0.319,5,0,70,10,5,question,check_lightning,0.05,2,-1,0.0,2021-01-01 12:10:00,0.41015480418904576
72,38.27,34.99,4,0.728,8,1,70,10,5,question,check_lightning,0.05,2,2,0.0013283520132835202,2021-01-01 12:13:00,0.7427148856743668
72,38.27,34.99,4,0.728,8,1,30,10,2,task,enable_heating,0.2,3,3,0.0019925280199252805,2021-01-01 12:20:00,0.5749007482894345
68,74.82,6.5,2,0.714,5,1,50,10,7,question,check_heating,0.1,1,-1,0.0,2021-01-01 12:30:00,0.4207000804903574
21,97.01,37.2,2,0.629,5,0,50,10,7,question,check_heating,0.1,1,-1,0.0,2021-01-01 12:33:00,0.3373642495879543
97,87.73,1.83,0,0.53,1,0,50,10,7,question,check_heating,0.1,0,-1,0.0,2021-01-01 12:36:00,0.23574229699605445
20,30.69,6.35,1,0.182,2,0,50,10,7,question,check_heating,0.1,0,2,0.0013283520132835202,2021-01-01 12:39:00,0.2549524387642467
23,5.3,28.82,3,0.584,6,1,50,10,7,question,check_heating,0.1,0,0,0.0,2021-01-01 12:42:00,0.4729573182078128
4,8.95,20.94,5,0.24,10,0,50,10,7,question,check_heating,0.1,3,2,0.0013283520132835202,2021-01-01 12:45:00,0.40513803585102354
17,4.43,2.67,5,0.26,10,0,50,10,7,question,check_heating,0.1,0,2,0.0013283520132835202,2021-01-01 12:48:00,0.43381981232461436
13,51.8,35.94,3,0.614,7,0,50,10,7,question,check_heating,0.1,0,-1,0.0,2021-01-01 12:51:00,0.4216415816018091
77,37.95,27.67,1,0.901,2,1,50,10,7,question,check_heating,0.1,1,2,0.0013283520132835202,2021-01-01 12:54:00,0.44016005163689187
98,19.12,23.9,5,0.012,10,0,50,10,7,question,check_heating,0.1,0,2,0.0013283520132835202,2021-01-01 12:57:00,0.35953282603041997
15,64.2,26.98,6,0.806,13,0,50,10,7,question,check_heating,0.1,2,-1,0.0,2021-01-01 13:00:00,0.6361628664635137
83,93.36,34.91,6,0.34,13,1,70,10,3,task,disable_heating,0.2,1,-1,0.0,2021-01-01 12:40:00,0.37158033310039934
7,88.18,0.14,7,0.268,15,0,70,10,3,task,disable_heating,0.2,1,-1,0.0,2021-01-01 12:43:00,0.2923393449130348
43,72.84,35.57,3,0.201,7,0,70,10,3,task,disable_heating,0.2,0,-1,0.0,2021-01-01 12:46:00,0.42468294256325767
35,82.31,0.03,7,0.441,15,0,70,10,3,task,disable_heating,0.2,0,-1,0.0,2021-01-01 12:49:00,0.3429945118809727
31,8.33,32.68,7,0.83,14,1,70,10,3,task,disable_heating,0.2,1,2,0.0013283520132835202,2021-01-01 12:52:00,0.4545703866372095
93,46.73,7.05,5,0.924,10,0,70,10,3,task,disable_heating,0.2,0,2,0.0013283520132835202,2021-01-01 12:55:00,0.6234734054808451
85,29.52,2.73,6,0.761,12,0,10,20,3,question,check_weather,0.05,1,0,0.0,2021-01-01 12:50:00,0.59167021377281
14,83.74,33.95,7,0.749,15,1,90,20,6,task,close_window,0.2,1,-1,0.0,2021-01-01 13:00:00,0.6252134618316189
25,76.01,23.63,6,0.086,13,1,70,10,7,task,enable_heating,0.2,0,-1,0.0,2021-01-01 13:10:00,0.39650866371172827
80,42.3,27.06,4,0.184,8,1,70,10,7,task,enable_heating,0.2,1,4,0.0026567040265670404,2021-01-01 13:13:00,0.362534715089777
93,46.73,7.05,5,0.924,10,0,70,10,7,task,enable_heating,0.2,1,3,0.0019925280199252805,2021-01-01 13:16:00,0.6109670407196911
77,37.95,27.67,1,0.901,2,1,30,10,0,task,disable_airco,0.25,2,2,0.0013283520132835202,2021-01-01 13:20:00,0.6796698580655963
73,47.99,23.63,0,0.688,0,1,70,30,1,task,enable_heating,0.2,0,3,0.0019925280199252805,2021-01-01 13:30:00,0.6647840389977554
5,85.61,36.7,7,0.469,15,1,30,30,6,task,close_window,0.2,0,-1,0.0,2021-01-01 13:40:00,0.48347532290448875
57,95.13,23.25,0,0.985,1,1,30,30,6,task,close_window,0.2,0,-1,0.0,2021-01-01 13:43:00,0.3383274344878834
80,42.3,27.06,4,0.184,8,1,30,30,6,task,close_window,0.2,2,4,0.0026567040265670404,2021-01-01 13:46:00,0.4158318414574094
19,89.91,5.94,4,0.298,9,0,30,30,6,task,close_window,0.2,0,-1,0.0,2021-01-01 13:49:00,0.3439491801180766
7,88.18,0.14,7,0.268,15,0,30,30,6,task,close_window,0.2,2,-1,0.0,2021-01-01 13:52:00,0.3551196199692853
26,70.88,9.45,4,0.18,9,1,30,30,6,task,close_window,0.2,0,-1,0.0,2021-01-01 13:55:00,0.3615531457011549
43,72.84,35.57,3,0.201,7,0,30,30,6,task,close_window,0.2,1,-1,0.0,2021-01-01 13:58:00,0.2958721504118764
53,84.35,21.46,3,0.765,7,1,30,30,6,task,close_window,0.2,1,-1,0.0,2021-01-01 14:01:00,0.46376162380633246
93,46.73,7.05,5,0.924,10,0,30,30,6,task,close_window,0.2,2,4,0.0026567040265670404,2021-01-01 14:04:00,0.6523799454102909
11,2.98,26.73,3,0.648,6,0,10,20,1,task,close_window,0.2,1,0,0.0,2021-01-01 13:50:00,0.5410102749955874
71,4.2,17.15,4,0.909,8,1,70,10,5,task,open_window,0.2,0,4,0.0026567040265670404,2021-01-01 14:00:00,0.6722505598912637
37,46.21,11.16,1,0.092,2,1,70,10,7,question,check_lightning,0.05,1,3,0.0019925280199252805,2021-01-01 14:10:00,0.26529408769384216
47,84.42,14.13,4,0.153,9,1,70,10,7,question,check_lightning,0.05,0,-1,0.0,2021-01-01 14:13:00,0.4060703689296493
3,83.96,17.89,3,0.234,7,0,70,10,7,question,check_lightning,0.05,2,-1,0.0,2021-01-01 14:16:00,0.3346881104011854
32,5.44,1.27,7,0.382,14,1,70,10,7,question,check_lightning,0.05,2,2,0.0013283520132835202,2021-01-01 14:19:00,0.608613118234802
34,15.32,7.63,4,0.132,8,0,70,10,3,question,check_weather,0.05,0,5,0.0033208800332088003,2021-01-01 14:20:00,0.44379086894717656
3,83.96,17.89,3,0.234,7,0,70,10,3,question,check_weather,0.05,3,-1,0.0,2021-01-01 14:23:00,0.4986974108785779
14,83.74,33.95,7,0.749,15,1,70,10,3,question,check_weather,0.05,2,-1,0.0,2021-01-01 14:26:00,0.5072827871962606
78,81.69,8.68,3,0.754,7,0,30,30,1,question,check_airco,0.1,0,-1,0.0,2021-01-01 14:30:00,0.5351839633611389
14,83.74,33.95,7,0.749,15,1,70,10,3,task,enable_lightning,0.15,3,-1,0.0,2021-01-01 14:40:00,0.44442866992303975
99,86.0,20.34,3,0.4,7,1,70,10,3,task,enable_lightning,0.15,3,-1,0.0,2021-01-01 14:43:00,0.5528136017318671
30,65.87,5.73,0,0.819,1,1,30,30,2,task,enable_lightning,0.15,1,-1,0.0,2021-01-01 14:50:00,0.58400783419339
41,43.52,28.05,2,0.48,4,0,70,10,1,task,disable_lightning,0.15,0,2,0.0013283520132835202,2021-01-01 15:00:00,0.55046051875855
75,55.5,28.27,2,0.169,5,1,10,20,4,task,enable_lightning,0.15,0,-1,0.0,2021-01-01 15:10:00,0.3800854359800736
55,17.28,3.02,5,0.176,10,1,10,20,4,task,enable_lightning,0.15,0,5,0.0033208800332088003,2021-01-01 15:13:00,0.49736874984861307
73,47.99,23.63,0,0.688,0,1,10,20,4,task,enable_lightning,0.15,1,4,0.0026567040265670404,2021-01-01 15:16:00,0.4789479221099339
3,83.96,17.89,3,0.234,7,0,10,20,4,task,enable_lightning,0.15,4,-1,0.0,2021-01-01 15:19:00,0.3436473537374472
39,63.87,28.69,2,0.712,5,0,10,20,4,task,enable_lightning,0.15,0,-1,0.0,2021-01-01 15:22:00,0.49511638606592134
71,4.2,17.15,4,0.909,8,1,10,20,4,task,enable_lightning,0.15,1,5,0.0033208800332088003,2021-01-01 15:25:00,0.8905477845525039
91,48.93,35.19,2,0.812,4,0,70,30,5,question,check_heating,0.1,0,3,0.0019925280199252805,2021-01-01 15:20:00,0.5947519359898287
52,89.08,12.12,4,0.567,9,0,70,30,3,task,turn_off_device,0.15,1,-1,0.0,2021-01-01 15:30:00,0.5269595322559768
85,29.52,2.73,6,0.761,12,0,10,20,3,question,check_window,0.1,2,1,0.0006641760066417601,2021-01-01 15:40:00,0.5490571411860845
22,20.45,22.55,5,0.695,10,1,10,20,5,task,enable_heating,0.2,0,5,0.0033208800332088003,2021-01-01 15:50:00,0.7517286825060648
78,81.69,8.68,3,0.754,7,0,30,10,3,question,check_heating,0.1,1,-1,0.0,2021-01-01 16:00:00,0.6400748841313748
88,63.29,5.53,7,0.39,15,0,70,10,7,task,enable_lightning,0.15,0,-1,0.0,2021-01-01 16:10:00,0.5449411476194946
62,78.91,37.37,1,0.866,3,0,90,20,5,task,enable_lightning,0.15,1,-1,0.0,2021-01-01 16:20:00,0.457178704746062
58,87.75,9.58,5,0.846,11,1,90,20,5,task,enable_lightning,0.15,1,-1,0.0,2021-01-01 16:23:00,0.775382554961645
60,18.26,16.03,1,0.828,2,1,50,10,6,question,check_window,0.1,0,3,0.0019925280199252805,2021-01-01 16:30:00,0.4945693786113376
83,93.36,34.91,6,0.34,13,1,50,10,6,question,check_window,0.1,2,-1,0.0,2021-01-01 16:33:00,0.5292756390028056
97,87.73,1.83,0,0.53,1,0,50,30,0,question,check_airco,0.1,1,-1,0.0,2021-01-01 16:40:00,0.5651161383245081
11,2.98,26.73,3,0.648,6,0,70,10,3,task,disable_airco,0.25,2,1,0.0006641760066417601,2021-01-01 16:50:00,0.5153298232647692
54,36.91,35.8,1,0.151,2,1,90,20,1,task,enable_airco,0.25,1,3,0.0019925280199252805,2021-01-01 17:00:00,0.41934734837579923
31,8.33,32.68,7,0.83,14,1,90,20,1,task,enable_airco,0.25,2,3,0.0019925280199252805,2021-01-01 17:03:00,0.2942712991903742
70,14.89,29.51,3,0.606,6,0,90,20,1,task,enable_airco,0.25,0,2,0.0013283520132835202,2021-01-01 17:06:00,0.4254956817288409
37,46.21,11.16,1,0.092,2,1,90,20,1,task,enable_airco,0.25,2,3,0.0019925280199252805,2021-01-01 17:09:00,0.4008236165746798
49,86.45,26.42,2,0.126,5,0,90,20,1,task,enable_airco,0.25,1,-1,0.0,2021-01-01 17:12:00,0.3495965041275183
21,97.01,37.2,2,0.629,5,0,90,20,1,task,enable_airco,0.25,2,-1,0.0,2021-01-01 17:15:00,0.48233390333795373
65,87.2,20.02,6,0.649,13,1,90,20,1,task,enable_airco,0.25,2,-1,0.0,2021-01-01 17:18:00,0.34848295495767856
51,95.98,11.89,3,0.144,7,1,90,20,1,task,enable_airco,0.25,1,-1,0.0,2021-01-01 17:21:00,0.35179041283253587
68,74.82,6.5,2,0.714,5,1,90,20,1,task,enable_airco,0.25,2,-1,0.0,2021-01-01 17:24:00,0.5559010887406287
91,48.93,35.19,2,0.812,4,0,10,20,2,task,enable_airco,0.25,1,4,0.0026567040265670404,2021-01-01 17:10:00,0.6217953359314753
4,8.95,20.94,5,0.24,10,0,70,10,5,task,enable_airco,0.25,4,6,0.00398505603985056,2021-01-01 17:20:00,0.378700225368384
90,37.45,9.7,0,0.096,0,1,70,10,5,task,enable_airco,0.25,0,4,0.0026567040265670404,2021-01-01 17:23:00,0.24693876391158867
35,82.31,0.03,7,0.441,15,0,70,10,5,task,enable_airco,0.25,1,-1,0.0,2021-01-01 17:26:00,0.3973330446055942
96,59.88,9.94,2,0.319,5,0,70,10,5,task,enable_airco,0.25,3,-1,0.0,2021-01-01 17:29:00,0.3170604571856111
97,87.73,1.83,0,0.53,1,0,70,10,5,task,enable_airco,0.25,2,-1,0.0,2021-01-01 17:32:00,0.282488621813648
33,66.1,6.62,3,0.076,7,1,70,10,5,task,enable_airco,0.25,1,-1,0.0,2021-01-01 17:35:00,0.3347345986195751
31,8.33,32.68,7,0.83,14,1,70,10,5,task,enable_airco,0.25,3,3,0.0019925280199252805,2021-01-01 17:38:00,0.5153688075256968
22,20.45,22.55,5,0.695,10,1,90,20,0,task,enable_heating,0.2,1,6,0.00398505603985056,2021-01-01 17:30:00,0.36214453885669695
28,78.54,30.85,2,0.156,5,0,90,20,0,task,enable_heating,0.2,0,-1,0.0,2021-01-01 17:33:00,0.346987092433552
64,90.25,13.3,0,0.914,1,1,90,20,0,task,enable_heating,0.2,0,-1,0.0,2021-01-01 17:36:00,0.7793442548572415
20,30.69,6.35,1,0.182,2,0,70,30,3,task,enable_heating,0.2,1,3,0.0019925280199252805,2021-01-01 17:40:00,0.3547468260204401
31,8.33,32.68,7,0.83,14,1,70,30,3,task,enable_heating,0.2,4,4,0.0026567040265670404,2021-01-01 17:43:00,0.43132427969021864
10,13.69,1.25,7,0.91,14,1,70,30,3,task,enable_heating,0.2,1,4,0.0026567040265670404,2021-01-01 17:46:00,0.477601274441237
55,17.28,3.02,5,0.176,10,1,70,30,3,task,enable_heating,0.2,1,6,0.00398505603985056,2021-01-01 17:49:00,0.37475290363154506
3,83.96,17.89,3,0.234,7,0,70,30,3,task,enable_heating,0.2,5,-1,0.0,2021-01-01 17:52:00,0.39972160663386036
58,87.75,9.58,5,0.846,11,1,70,30,3,task,enable_heating,0.2,2,-1,0.0,2021-01-01 17:55:00,0.5692780016067673
41,43.52,28.05,2,0.48,4,0,70,10,4,question,check_airco,0.1,1,5,0.0033208800332088003,2021-01-01 17:50:00,0.5175414876117781
61,88.72,1.93,4,0.306,9,0,90,20,7,task,enable_lightning,0.15,0,-1,0.0,2021-01-01 18:00:00,0.3713307481591202
57,95.13,23.25,0,0.985,1,1,90,20,7,task,enable_lightning,0.15,1,-1,0.0,2021-01-01 18:03:00,0.3371379435618663
86,46.58,33.46,1,0.625,2,1,90,20,7,task,enable_lightning,0.15,0,3,0.0019925280199252805,2021-01-01 18:06:00,0.34132664473675745
66,38.6,29.48,7,0.276,14,0,90,20,7,task,enable_lightning,0.15,0,4,0.0026567040265670404,2021-01-01 18:09:00,0.4927764348006647
47,84.42,14.13,4,0.153,9,1,90,20,7,task,enable_lightning,0.15,1,-1,0.0,2021-01-01 18:12:00,0.36195191721669423
39,63.87,28.69,2,0.712,5,0,90,20,7,task,enable_lightning,0.15,1,-1,0.0,2021-01-01 18:15:00,0.35859439223507383
60,18.26,16.03,1,0.828,2,1,90,20,7,task,enable_lightning,0.15,1,3,0.0019925280199252805,2021-01-01 18:18:00,0.3505956965314498
38,43.68,21.34,6,0.162,12,0,90,20,7,task,enable_lightning,0.15,0,2,0.0013283520132835202,2021-01-01 18:21:00,0.41674138674854977
40,78.65,38.27,4,0.757,9,0,90,20,7,task,enable_lightning,0.15,0,-1,0.0,2021-01-01 18:24:00,0.4954664760532776
51,95.98,11.89,3,0.144,7,1,90,20,7,task,enable_lightning,0.15,2,-1,0.0,2021-01-01 18:27:00,0.3097538103702103
73,47.99,23.63,0,0.688,0,1,90,20,7,task,enable_lightning,0.15,2,4,0.0026567040265670404,2021-01-01 18:30:00,0.28268078245867206
4,8.95,20.94,5,0.24,10,0,90,20,7,task,enable_lightning,0.15,5,6,0.00398505603985056,2021-01-01 18:33:00,0.32999017369595035
19,89.91,5.94,4,0.298,9,0,90,20,7,task,enable_lightning,0.15,1,-1,0.0,2021-01-01 18:36:00,0.3652184825384845
82,50.97,9.85,4,0.067,9,0,90,20,7,task,enable_lightning,0.15,1,-1,0.0,2021-01-01 18:39:00,0.2813527366493841
79,93.51,21.05,7,0.73,15,0,90,20,7,task,enable_lightning,0.15,0,-1,0.0,2021-01-01 18:42:00,0.6852736525806311
14,83.74,33.95,7,0.749,15,1,50,30,7,task,disable_heating,0.2,4,-1,0.0,2021-01-01 18:10:00,0.6131825084673326
87,25.74,14.33,6,0.039,12,1,10,20,2,task,open_window,0.2,1,2,0.0013283520132835202,2021-01-01 18:20:00,0.29259633399241947
30,65.87,5.73,0,0.819,1,1,10,20,2,task,open_window,0.2,2,-1,0.0,2021-01-01 18:23:00,0.5185525067586018
30,65.87,5.73,0,0.819,1,1,90,20,1,task,turn_off_device,0.15,3,-1,0.0,2021-01-01 18:30:00,0.6424115152845584
53,84.35,21.46,3,0.765,7,1,70,30,0,task,enable_heating,0.2,2,-1,0.0,2021-01-01 18:40:00,0.5004734979445734
4,8.95,20.94,5,0.24,10,0,30,30,0,task,disable_airco,0.25,6,6,0.00398505603985056,2021-01-01 18:50:00,0.22886980590482855
2,43.97,0.27,7,0.854,14,1,30,30,0,task,disable_airco,0.25,0,4,0.0026567040265670404,2021-01-01 18:53:00,0.2921885314875682
20,30.69,6.35,1,0.182,2,0,30,30,0,task,disable_airco,0.25,2,3,0.0019925280199252805,2021-01-01 18:56:00,0.3801735388729896
3,83.96,17.89,3,0.234,7,0,30,30,0,task,disable_airco,0.25,6,-1,0.0,2021-01-01 18:59:00,0.24795426900775258
26,70.88,9.45,4,0.18,9,1,30,30,0,task,disable_airco,0.25,1,-1,0.0,2021-01-01 19:02:00,0.26345068655508724
1,44.98,18.6,0,0.923,0,1,30,30,0,task,disable_airco,0.25,1,4,0.0026567040265670404,2021-01-01 19:05:00,0.7685918984144496
88,63.29,5.53,7,0.39,15,0,10,20,2,task,disable_lightning,0.15,0,-1,0.0,2021-01-02 08:00:00,0.2767289858695071
91,48.93,35.19,2,0.812,4,0,10,20,2,task,disable_lightning,0.15,0,6,0.00398505603985056,2021-01-02 08:03:00,0.7189242850113887
2,43.97,0.27,7,0.854,14,1,70,10,5,task,open_window,0.2,0,4,0.0026567040265670404,2021-01-02 08:10:00,0.6537155915340884
63,41.42,22.07,2,0.937,4,1,10,20,4,question,check_window,0.1,0,7,0.00464923204649232,2021-01-02 08:20:00,0.7611845181108803
26,70.88,9.45,4,0.18,9,1,50,30,7,task,enable_airco,0.25,0,-1,0.0,2021-01-02 08:30:00,0.31680898539935337
53,84.35,21.46,3,0.765,7,1,50,30,7,task,enable_airco,0.25,0,-1,0.0,2021-01-02 08:33:00,0.4128445642953873
61,88.72,1.93,4,0.306,9,0,50,30,7,task,enable_airco,0.25,0,-1,0.0,2021-01-02 08:36:00,0.304095727978283
47,84.42,14.13,4,0.153,9,1,50,30,7,task,enable_airco,0.25,0,-1,0.0,2021-01-02 08:39:00,0.3029444559437174
94,93.28,28.54,6,0.244,13,0,50,30,7,task,enable_airco,0.25,0,-1,0.0,2021-01-02 08:42:00,0.3606979195269982
51,95.98,11.89,3,0.144,7,1,50,30,7,task,enable_airco,0.25,0,-1,0.0,2021-01-02 08:45:00,0.2581279597995403
50,44.22,20.2,3,0.487,6,0,50,30,7,task,enable_airco,0.25,0,2,0.0013283520132835202,2021-01-02 08:48:00,0.3688377803127007
57,95.13,23.25,0,0.985,1,1,50,30,7,task,enable_airco,0.25,0,-1,0.0,2021-01-02 08:51:00,0.2753254011159946
65,87.2,20.02,6,0.649,13,1,50,30,7,task,enable_airco,0.25,0,-1,0.0,2021-01-02 08:54:00,0.5324206545247426
6,61.26,28.15,5,0.594,11,1,30,30,6,task,close_window,0.2,0,-1,0.0,2021-01-02 08:40:00,0.5590195782195194
43,72.84,35.57,3,0.201,7,0,30,10,4,task,disable_lightning,0.15,0,-1,0.0,2021-01-02 08:50:00,0.3879734949730841
29,47.93,6.94,5,0.838,10,0,30,10,4,task,disable_lightning,0.15,0,6,0.00398505603985056,2021-01-02 08:53:00,0.707056542693374
96,59.88,9.94,2,0.319,5,0,10,20,0,task,disable_lightning,0.15,0,-1,0.0,2021-01-02 09:00:00,0.3851422177061277
50,44.22,20.2,3,0.487,6,0,10,20,0,task,disable_lightning,0.15,1,2,0.0013283520132835202,2021-01-02 09:03:00,0.4379398802494559
10,13.69,1.25,7,0.91,14,1,10,20,0,task,disable_lightning,0.15,0,5,0.0033208800332088003,2021-01-02 09:06:00,0.3528352263695806
89,3.03,4.75,4,0.324,8,0,10,20,0,task,disable_lightning,0.15,0,6,0.00398505603985056,2021-01-02 09:09:00,0.36733661353729197
28,78.54,30.85,2,0.156,5,0,10,20,0,task,disable_lightning,0.15,0,-1,0.0,2021-01-02 09:12:00,0.3211537592806852
57,95.13,23.25,0,0.985,1,1,10,20,0,task,disable_lightning,0.15,1,-1,0.0,2021-01-02 09:15:00,0.6862114582202916
8,37.99,17.1,2,0.126,4,0,90,20,2,task,close_window,0.2,0,8,0.00531340805313408,2021-01-02 09:10:00,0.40931884180025535
69,91.21,35.11,7,0.934,15,1,90,20,2,task,close_window,0.2,0,-1,0.0,2021-01-02 09:13:00,0.44100433398826155
3,83.96,17.89,3,0.234,7,0,90,20,2,task,close_window,0.2,0,-1,0.0,2021-01-02 09:16:00,0.4178895167001428
65,87.2,20.02,6,0.649,13,1,90,20,2,task,close_window,0.2,1,-1,0.0,2021-01-02 09:19:00,0.4363344624536445
32,5.44,1.27,7,0.382,14,1,90,20,2,task,close_window,0.2,0,5,0.0033208800332088003,2021-01-02 09:22:00,0.2871410468607633
90,37.45,9.7,0,0.096,0,1,90,20,2,task,close_window,0.2,0,5,0.0033208800332088003,2021-01-02 09:25:00,0.3617962230174992
52,89.08,12.12,4,0.567,9,0,90,20,2,task,close_window,0.2,0,-1,0.0,2021-01-02 09:28:00,0.47917434510051743
61,88.72,1.93,4,0.306,9,0,90,20,2,task,close_window,0.2,1,-1,0.0,2021-01-02 09:31:00,0.38197880690302005
49,86.45,26.42,2,0.126,5,0,90,20,2,task,close_window,0.2,0,-1,0.0,2021-01-02 09:34:00,0.41614469580607805
33,66.1,6.62,3,0.076,7,1,90,20,2,task,close_window,0.2,0,-1,0.0,2021-01-02 09:37:00,0.38105154972574584
42,78.92,12.76,3,0.115,7,0,90,20,2,task,close_window,0.2,0,-1,0.0,2021-01-02 09:40:00,0.37152420099390426
94,93.28,28.54,6,0.244,13,0,90,20,2,task,close_window,0.2,1,-1,0.0,2021-01-02 09:43:00,0.2948187315574177
10,13.69,1.25,7,0.91,14,1,90,20,2,task,close_window,0.2,1,5,0.0033208800332088003,2021-01-02 09:46:00,0.39794927392939694
19,89.91,5.94,4,0.298,9,0,90,20,2,task,close_window,0.2,0,-1,0.0,2021-01-02 09:49:00,0.39118207997106624
66,38.6,29.48,7,0.276,14,0,90,20,2,task,close_window,0.2,0,5,0.0033208800332088003,2021-01-02 09:52:00,0.2649801139002262
91,48.93,35.19,2,0.812,4,0,90,20,2,task,close_window,0.2,1,8,0.00531340805313408,2021-01-02 09:55:00,0.6596226644264657
59,25.78,30.62,2,0.722,4,0,30,10,5,task,close_window,0.2,0,9,0.00597758405977584,2021-01-02 09:20:00,0.5029762446723629
98,19.12,23.9,5,0.012,10,0,70,10,0,question,check_weather,0.05,0,7,0.00464923204649232,2021-01-02 09:30:00,0.249217021822478
55,17.28,3.02,5,0.176,10,1,70,10,0,question,check_weather,0.05,0,7,0.00464923204649232,2021-01-02 09:33:00,0.3181985251145676
85,29.52,2.73,6,0.761,12,0,70,10,0,question,check_weather,0.05,0,2,0.0013283520132835202,2021-01-02 09:36:00,0.3800228481585431
18,45.51,4.61,2,0.652,4,0,70,10,0,question,check_weather,0.05,0,10,0.0066417600664176,2021-01-02 09:39:00,0.6328165519439963
25,76.01,23.63,6,0.086,13,1,30,30,0,question,check_weather,0.05,0,-1,0.0,2021-01-02 09:40:00,0.23119565023189406
36,95.58,4.63,2,0.625,5,0,30,30,0,question,check_weather,0.05,0,-1,0.0,2021-01-02 09:43:00,0.5032764574253837
96,59.88,9.94,2,0.319,5,0,50,30,2,task,enable_heating,0.2,1,-1,0.0,2021-01-02 09:50:00,0.4608215154376931
37,46.21,11.16,1,0.092,2,1,50,30,2,task,enable_heating,0.2,0,3,0.0019925280199252805,2021-01-02 09:53:00,0.433903629326641
0,80.82,17.75,7,0.926,15,1,50,30,2,task,enable_heating,0.2,0,-1,0.0,2021-01-02 09:56:00,0.4202082344820083
5,85.61,36.7,7,0.469,15,1,50,30,2,task,enable_heating,0.2,0,-1,0.0,2021-01-02 09:59:00,0.31803482761494445
97,87.73,1.83,0,0.53,1,0,50,30,2,task,enable_heating,0.2,0,-1,0.0,2021-01-02 10:02:00,0.4246641833394129
30,65.87,5.73,0,0.819,1,1,50,30,2,task,enable_heating,0.2,0,-1,0.0,2021-01-02 10:05:00,0.5814643567440676
56,49.31,20.23,6,0.588,12,1,50,30,0,question,check_airco,0.1,0,2,0.0013283520132835202,2021-01-02 10:00:00,0.3857460985048951
91,48.93,35.19,2,0.812,4,0,50,30,0,question,check_airco,0.1,2,11,0.00730593607305936,2021-01-02 10:03:00,0.6619119431546624
40,78.65,38.27,4,0.757,9,0,50,30,1,task,disable_lightning,0.15,0,-1,0.0,2021-01-02 10:10:00,0.48538622588012664
95,16.89,6.72,6,0.925,12,0,50,30,1,task,disable_lightning,0.15,0,2,0.0013283520132835202,2021-01-02 10:13:00,0.4380079152421898
19,89.91,5.94,4,0.298,9,0,50,30,1,task,disable_lightning,0.15,1,-1,0.0,2021-01-02 10:16:00,0.3367485969820113
46,35.41,35.99,2,0.478,4,0,50,30,1,task,disable_lightning,0.15,0,12,0.00797011207970112,2021-01-02 10:19:00,0.5716831916866889
44,16.99,19.45,1,0.108,2,0,70,10,0,question,check_lightning,0.05,0,3,0.0019925280199252805,2021-01-02 10:20:00,0.4354106009913432
67,64.34,6.07,6,0.58,13,0,70,10,0,question,check_lightning,0.05,0,-1,0.0,2021-01-02 10:23:00,0.33715759492595665
60,18.26,16.03,1,0.828,2,1,70,10,0,question,check_lightning,0.05,0,3,0.0019925280199252805,2021-01-02 10:26:00,0.7938521166616853
10,13.69,1.25,7,0.91,14,1,10,20,4,question,check_window,0.1,2,5,0.0033208800332088003,2021-01-02 10:30:00,0.6660580273248957
44,16.99,19.45,1,0.108,2,0,50,10,6,question,check_heating,0.1,1,4,0.0026567040265670404,2021-01-02 10:40:00,0.2656715247085443
60,18.26,16.03,1,0.828,2,1,50,10,6,question,check_heating,0.1,1,4,0.0026567040265670404,2021-01-02 10:43:00,0.4846002561839273
83,93.36,34.91,6,0.34,13,1,50,10,6,question,check_heating,0.1,0,-1,0.0,2021-01-02 10:46:00,0.5512736577488597
89,3.03,4.75,4,0.324,8,0,70,30,5,task,close_window,0.2,1,6,0.00398505603985056,2021-01-02 10:50:00,0.4091763935085512
14,83.74,33.95,7,0.749,15,1,70,30,5,task,close_window,0.2,0,-1,0.0,2021-01-02 10:53:00,0.5794836969652178
32,5.44,1.27,7,0.382,14,1,30,10,6,task,enable_lightning,0.15,1,6,0.00398505603985056,2021-01-02 11:00:00,0.562198529636452
19,89.91,5.94,4,0.298,9,0,70,30,1,question,check_weather,0.05,2,-1,0.0,2021-01-02 11:10:00,0.3833902695622605
71,4.2,17.15,4,0.909,8,1,70,30,1,question,check_weather,0.05,0,6,0.00398505603985056,2021-01-02 11:13:00,0.646956727489742
76,98.14,17.28,1,0.271,3,1,50,10,5,task,disable_lightning,0.15,0,-1,0.0,2021-01-02 11:20:00,0.3256422787583498
93,46.73,7.05,5,0.924,10,0,50,10,5,task,disable_lightning,0.15,0,7,0.00464923204649232,2021-01-02 11:23:00,0.8364449705620243
48,77.91,2.37,0,0.64,1,0,30,10,0,question,check_airco,0.1,0,-1,0.0,2021-01-02 11:30:00,0.6157534040676214
7,88.18,0.14,7,0.268,15,0,70,30,1,question,check_heating,0.1,0,-1,0.0,2021-01-02 11:40:00,0.23941351922370205
58,87.75,9.58,5,0.846,11,1,70,30,1,question,check_heating,0.1,0,-1,0.0,2021-01-02 11:43:00,0.5290443708601276
83,93.36,34.91,6,0.34,13,1,50,30,1,question,check_airco,0.1,1,-1,0.0,2021-01-02 11:50:00,0.3138603245212274
98,19.12,23.9,5,0.012,10,0,50,30,1,question,check_airco,0.1,1,8,0.00531340805313408,2021-01-02 11:53:00,0.28098955623104366
77,37.95,27.67,1,0.901,2,1,50,30,1,question,check_airco,0.1,0,4,0.0026567040265670404,2021-01-02 11:56:00,0.9450232102901658
56,49.31,20.23,6,0.588,12,1,50,10,0,task,enable_lightning,0.15,1,2,0.0013283520132835202,2021-01-02 12:00:00,0.35664137824696845
4,8.95,20.94,5,0.24,10,0,50,10,0,task,enable_lightning,0.15,0,8,0.00531340805313408,2021-01-02 12:03:00,0.2805968325619694
25,76.01,23.63,6,0.086,13,1,50,10,0,task,enable_lightning,0.15,1,-1,0.0,2021-01-02 12:06:00,0.21170480098420044
2,43.97,0.27,7,0.854,14,1,50,10,0,task,enable_lightning,0.15,1,7,0.00464923204649232,2021-01-02 12:09:00,0.3418282184196141
5,85.61,36.7,7,0.469,15,1,50,10,0,task,enable_lightning,0.15,1,-1,0.0,2021-01-02 12:12:00,0.22696186599130913
8,37.99,17.1,2,0.126,4,0,50,10,0,task,enable_lightning,0.15,1,13,0.008634288086342881,2021-01-02 12:15:00,0.38847416215731434
77,37.95,27.67,1,0.901,2,1,50,10,0,task,enable_lightning,0.15,1,5,0.0033208800332088003,2021-01-02 12:18:00,0.7822867624249119
65,87.2,20.02,6,0.649,13,1,50,30,7,task,disable_airco,0.25,2,-1,0.0,2021-01-02 12:10:00,0.5111238283437529
94,93.28,28.54,6,0.244,13,0,90,20,7,task,close_window,0.2,2,-1,0.0,2021-01-02 12:20:00,0.40181150991321507
41,43.52,28.05,2,0.48,4,0,90,20,7,task,close_window,0.2,0,13,0.008634288086342881,2021-01-02 12:23:00,0.3113169099857847
5,85.61,36.7,7,0.469,15,1,90,20,7,task,close_window,0.2,2,-1,0.0,2021-01-02 12:26:00,0.5599053087087029
46,35.41,35.99,2,0.478,4,0,30,10,2,task,disable_heating,0.2,1,13,0.008634288086342881,2021-01-02 12:30:00,0.5617631559412487
49,86.45,26.42,2,0.126,5,0,50,30,4,task,turn_off_device,0.15,1,-1,0.0,2021-01-02 12:40:00,0.3342664629538518
68,74.82,6.5,2,0.714,5,1,50,30,4,task,turn_off_device,0.15,0,-1,0.0,2021-01-02 12:43:00,0.5746580765250241
20,30.69,6.35,1,0.182,2,0,10,20,5,question,check_lightning,0.05,0,6,0.00398505603985056,2021-01-02 12:50:00,0.3594416829367164
10,13.69,1.25,7,0.91,14,1,10,20,5,question,check_lightning,0.05,3,7,0.00464923204649232,2021-01-02 12:53:00,0.7677537900368453
48,77.91,2.37,0,0.64,1,0,50,30,5,task,enable_airco,0.25,1,-1,0.0,2021-01-02 13:00:00,0.29427566251185194
26,70.88,9.45,4,0.18,9,1,50,30,5,task,enable_airco,0.25,1,-1,0.0,2021-01-02 13:03:00,0.3821203762355277
47,84.42,14.13,4,0.153,9,1,50,30,5,task,enable_airco,0.25,1,-1,0.0,2021-01-02 13:06:00,0.365397620707499
17,4.43,2.67,5,0.26,10,0,50,30,5,task,enable_airco,0.25,0,8,0.00531340805313408,2021-01-02 13:09:00,0.42822044204553544
12,72.79,30.43,0,0.085,1,0,50,30,5,task,enable_airco,0.25,0,-1,0.0,2021-01-02 13:12:00,0.20699772178758083
2,43.97,0.27,7,0.854,14,1,50,30,5,task,enable_airco,0.25,2,8,0.00531340805313408,2021-01-02 13:15:00,0.5844966201728937
20,30.69,6.35,1,0.182,2,0,90,20,4,task,enable_airco,0.25,1,6,0.00398505603985056,2021-01-02 13:10:00,0.2865189271843799
48,77.91,2.37,0,0.64,1,0,90,20,4,task,enable_airco,0.25,2,-1,0.0,2021-01-02 13:13:00,0.3466170069643832
0,80.82,17.75,7,0.926,15,1,90,20,4,task,enable_airco,0.25,1,-1,0.0,2021-01-02 13:16:00,0.5317269032340267
74,38.06,25.77,5,0.212,10,0,50,10,5,task,open_window,0.2,0,8,0.00531340805313408,2021-01-02 13:20:00,0.4780518285356608
66,38.6,29.48,7,0.276,14,0,50,10,5,task,open_window,0.2,1,9,0.00597758405977584,2021-01-02 13:23:00,0.40588504551958166
32,5.44,1.27,7,0.382,14,1,50,10,5,task,open_window,0.2,2,9,0.00597758405977584,2021-01-02 13:26:00,0.4472733798072207
42,78.92,12.76,3,0.115,7,0,50,10,5,task,open_window,0.2,1,-1,0.0,2021-01-02 13:29:00,0.3174981589949486
86,46.58,33.46,1,0.625,2,1,50,10,5,task,open_window,0.2,0,6,0.00398505603985056,2021-01-02 13:32:00,0.45895777230983814
39,63.87,28.69,2,0.712,5,0,50,10,5,task,open_window,0.2,0,-1,0.0,2021-01-02 13:35:00,0.45237820985825505
12,72.79,30.43,0,0.085,1,0,50,10,5,task,open_window,0.2,1,-1,0.0,2021-01-02 13:38:00,0.2122504256658594
67,64.34,6.07,6,0.58,13,0,50,10,5,task,open_window,0.2,1,-1,0.0,2021-01-02 13:41:00,0.513923483353642
13,51.8,35.94,3,0.614,7,0,70,10,6,task,disable_airco,0.25,0,-1,0.0,2021-01-02 13:30:00,0.3915971155654262
98,19.12,23.9,5,0.012,10,0,70,10,6,task,disable_airco,0.25,2,8,0.00531340805313408,2021-01-02 13:33:00,0.30219017572222856
79,93.51,21.05,7,0.73,15,0,70,10,6,task,disable_airco,0.25,0,-1,0.0,2021-01-02 13:36:00,0.5239746107650368
88,63.29,5.53,7,0.39,15,0,30,30,3,task,enable_heating,0.2,1,-1,0.0,2021-01-02 13:40:00,0.30435963311227293
59,25.78,30.62,2,0.722,4,0,30,30,3,task,enable_heating,0.2,1,14,0.009298464092984642,2021-01-02 13:43:00,0.6312504773367642
84,20.19,21.52,5,0.033,10,0,70,30,5,question,check_airco,0.1,0,8,0.00531340805313408,2021-01-02 13:50:00,0.4241900928737865
74,38.06,25.77,5,0.212,10,0,70,30,5,question,check_airco,0.1,1,8,0.00531340805313408,2021-01-02 13:53:00,0.5111484101907565
48,77.91,2.37,0,0.64,1,0,90,20,7,task,turn_off_device,0.15,3,-1,0.0,2021-01-02 14:00:00,0.23413392753041
4,8.95,20.94,5,0.24,10,0,90,20,7,task,turn_off_device,0.15,1,9,0.00597758405977584,2021-01-02 14:03:00,0.3592215969290228
43,72.84,35.57,3,0.201,7,0,90,20,7,task,turn_off_device,0.15,1,-1,0.0,2021-01-02 14:06:00,0.2923884972842458
76,98.14,17.28,1,0.271,3,1,90,20,7,task,turn_off_device,0.15,1,-1,0.0,2021-01-02 14:09:00,0.2605575580178678
61,88.72,1.93,4,0.306,9,0,90,20,7,task,turn_off_device,0.15,2,-1,0.0,2021-01-02 14:12:00,0.35644187048093207
45,74.53,24.19,7,0.062,15,0,90,20,7,task,turn_off_device,0.15,0,-1,0.0,2021-01-02 14:15:00,0.4084875877094635
16,29.93,32.36,0,0.572,0,0,90,20,7,task,turn_off_device,0.15,0,5,0.0033208800332088003,2021-01-02 14:18:00,0.23700253203599017
92,97.69,23.86,7,0.77,15,1,90,20,7,task,turn_off_device,0.15,0,-1,0.0,2021-01-02 14:21:00,0.762257835191456
56,49.31,20.23,6,0.588,12,1,70,10,4,task,enable_heating,0.2,2,2,0.0013283520132835202,2021-01-02 14:10:00,0.5438543984139902
78,81.69,8.68,3,0.754,7,0,70,10,7,question,check_lightning,0.05,0,-1,0.0,2021-01-02 14:20:00,0.5005836038902952
5,85.61,36.7,7,0.469,15,1,50,30,4,question,check_weather,0.05,3,-1,0.0,2021-01-02 14:30:00,0.46150828922273623
81,75.47,34.51,5,0.788,11,0,50,30,4,question,check_weather,0.05,0,-1,0.0,2021-01-02 14:33:00,0.686140182071566
8,37.99,17.1,2,0.126,4,0,70,30,5,task,close_window,0.2,2,15,0.009962640099626403,2021-01-02 14:40:00,0.3052806153209295
42,78.92,12.76,3,0.115,7,0,70,30,5,task,close_window,0.2,2,-1,0.0,2021-01-02 14:43:00,0.3184596729568006
2,43.97,0.27,7,0.854,14,1,70,30,5,task,close_window,0.2,3,9,0.00597758405977584,2021-01-02 14:46:00,0.5964864605427325
49,86.45,26.42,2,0.126,5,0,30,30,7,task,disable_lightning,0.15,2,-1,0.0,2021-01-02 14:50:00,0.21443604139858813
68,74.82,6.5,2,0.714,5,1,30,30,7,task,disable_lightning,0.15,1,-1,0.0,2021-01-02 14:53:00,0.3723520042509745
71,4.2,17.15,4,0.909,8,1,30,30,7,task,disable_lightning,0.15,1,7,0.00464923204649232,2021-01-02 14:56:00,0.6266491984328622
77,37.95,27.67,1,0.901,2,1,30,10,7,task,disable_lightning,0.15,2,6,0.00398505603985056,2021-01-02 15:00:00,0.40907813615754157
86,46.58,33.46,1,0.625,2,1,30,10,7,task,disable_lightning,0.15,1,6,0.00398505603985056,2021-01-02 15:03:00,0.34888039141792665
8,37.99,17.1,2,0.126,4,0,30,10,7,task,disable_lightning,0.15,3,15,0.009962640099626403,2021-01-02 15:06:00,0.258952429838682
73,47.99,23.63,0,0.688,0,1,30,10,7,task,disable_lightning,0.15,0,5,0.0033208800332088003,2021-01-02 15:09:00,0.3092115114837857
49,86.45,26.42,2,0.126,5,0,30,10,7,task,disable_lightning,0.15,3,-1,0.0,2021-01-02 15:12:00,0.2087235823198235
78,81.69,8.68,3,0.754,7,0,30,10,7,task,disable_lightning,0.15,1,-1,0.0,2021-01-02 15:15:00,0.3972130996307905
37,46.21,11.16,1,0.092,2,1,30,10,7,task,disable_lightning,0.15,1,6,0.00398505603985056,2021-01-02 15:18:00,0.24170071977697544
21,97.01,37.2,2,0.629,5,0,30,10,7,task,disable_lightning,0.15,0,-1,0.0,2021-01-02 15:21:00,0.3095914438288355
35,82.31,0.03,7,0.441,15,0,30,10,7,task,disable_lightning,0.15,0,-1,0.0,2021-01-02 15:24:00,0.5046663509797756
34,15.32,7.63,4,0.132,8,0,50,10,0,question,check_weather,0.05,0,8,0.00531340805313408,2021-01-02 15:10:00,0.3357649511988995
95,16.89,6.72,6,0.925,12,0,50,10,0,question,check_weather,0.05,1,3,0.0019925280199252805,2021-01-02 15:13:00,0.4152624311156601
91,48.93,35.19,2,0.812,4,0,50,10,0,question,check_weather,0.05,3,15,0.009962640099626403,2021-01-02 15:16:00,0.6520438809675425
66,38.6,29.48,7,0.276,14,0,70,30,2,question,check_window,0.1,2,10,0.0066417600664176,2021-01-02 15:20:00,0.30181005575513836
42,78.92,12.76,3,0.115,7,0,70,30,2,question,check_window,0.1,3,-1,0.0,2021-01-02 15:23:00,0.3870932231630076
49,86.45,26.42,2,0.126,5,0,70,30,2,question,check_window,0.1,4,-1,0.0,2021-01-02 15:26:00,0.42107561192519144
1,44.98,18.6,0,0.923,0,1,70,30,2,question,check_window,0.1,0,5,0.0033208800332088003,2021-01-02 15:29:00,0.7633098106035245
17,4.43,2.67,5,0.26,10,0,90,20,7,question,check_window,0.1,1,9,0.00597758405977584,2021-01-02 15:30:00,0.3796020468196387
26,70.88,9.45,4,0.18,9,1,90,20,7,question,check_window,0.1,2,-1,0.0,2021-01-02 15:33:00,0.37172379099949693
31,8.33,32.68,7,0.83,14,1,90,20,7,question,check_window,0.1,0,10,0.0066417600664176,2021-01-02 15:36:00,0.7569200007543163
78,81.69,8.68,3,0.754,7,0,50,30,6,question,check_lightning,0.05,2,-1,0.0,2021-01-02 15:40:00,0.5090758507913891
87,25.74,14.33,6,0.039,12,1,30,10,2,question,check_lightning,0.05,0,3,0.0019925280199252805,2021-01-02 15:50:00,0.3635885662118861
92,97.69,23.86,7,0.77,15,1,30,10,2,question,check_lightning,0.05,1,-1,0.0,2021-01-02 15:53:00,0.4089233751869956
25,76.01,23.63,6,0.086,13,1,30,10,2,question,check_lightning,0.05,2,-1,0.0,2021-01-02 15:56:00,0.2990848377403127
37,46.21,11.16,1,0.092,2,1,30,10,2,question,check_lightning,0.05,2,6,0.00398505603985056,2021-01-02 15:59:00,0.4981141025331016
4,8.95,20.94,5,0.24,10,0,30,10,2,question,check_lightning,0.05,2,9,0.00597758405977584,2021-01-02 16:02:00,0.41020780485599406
47,84.42,14.13,4,0.153,9,1,30,10,2,question,check_lightning,0.05,2,-1,0.0,2021-01-02 16:05:00,0.39350151850803605
86,46.58,33.46,1,0.625,2,1,30,10,2,question,check_lightning,0.05,2,6,0.00398505603985056,2021-01-02 16:08:00,0.7189976232710098
4,8.95,20.94,5,0.24,10,0,50,10,6,task,close_window,0.2,3,9,0.00597758405977584,2021-01-02 16:00:00,0.3971690753761771
23,5.3,28.82,3,0.584,6,1,50,10,6,task,close_window,0.2,0,2,0.0013283520132835202,2021-01-02 16:03:00,0.4751372278002347
52,89.08,12.12,4,0.567,9,0,50,10,6,task,close_window,0.2,1,-1,0.0,2021-01-02 16:06:00,0.4350371168701262
63,41.42,22.07,2,0.937,4,1,50,10,6,task,close_window,0.2,1,16,0.010626816106268163,2021-01-02 16:09:00,0.5474908613572255
41,43.52,28.05,2,0.48,4,0,50,30,0,task,enable_heating,0.2,1,17,0.011290992112909924,2021-01-02 16:10:00,0.4887108695235807
4,8.95,20.94,5,0.24,10,0,50,30,0,task,enable_heating,0.2,4,9,0.00597758405977584,2021-01-02 16:13:00,0.24322663687764
28,78.54,30.85,2,0.156,5,0,50,30,0,task,enable_heating,0.2,1,-1,0.0,2021-01-02 16:16:00,0.3295804115969028
0,80.82,17.75,7,0.926,15,1,50,30,0,task,enable_heating,0.2,2,-1,0.0,2021-01-02 16:19:00,0.2823799335719096
31,8.33,32.68,7,0.83,14,1,50,30,0,task,enable_heating,0.2,1,11,0.00730593607305936,2021-01-02 16:22:00,0.29459866929587614
7,88.18,0.14,7,0.268,15,0,50,30,0,task,enable_heating,0.2,1,-1,0.0,2021-01-02 16:25:00,0.16590727549800172
93,46.73,7.05,5,0.924,10,0,50,30,0,task,enable_heating,0.2,1,9,0.00597758405977584,2021-01-02 16:28:00,0.42144471433914077
62,78.91,37.37,1,0.866,3,0,50,30,0,task,enable_heating,0.2,0,-1,0.0,2021-01-02 16:31:00,0.5971162823348064
77,37.95,27.67,1,0.901,2,1,30,30,5,task,disable_airco,0.25,3,7,0.00464923204649232,2021-01-02 16:20:00,0.49099596747796265
60,18.26,16.03,1,0.828,2,1,30,30,5,task,disable_airco,0.25,2,7,0.00464923204649232,2021-01-02 16:23:00,0.47084836606554803
32,5.44,1.27,7,0.382,14,1,30,30,5,task,disable_airco,0.25,3,11,0.00730593607305936,2021-01-02 16:26:00,0.4186148615009353
0,80.82,17.75,7,0.926,15,1,30,30,5,task,disable_airco,0.25,3,-1,0.0,2021-01-02 16:29:00,0.5112193223813014
64,90.25,13.3,0,0.914,1,1,50,30,2,question,check_lightning,0.05,0,-1,0.0,2021-01-02 16:30:00,0.7002672669647166
79,93.51,21.05,7,0.73,15,0,70,30,4,question,check_heating,0.1,1,-1,0.0,2021-01-02 16:40:00,0.5016705693504623
90,37.45,9.7,0,0.096,0,1,30,10,2,question,check_window,0.1,1,6,0.00398505603985056,2021-01-02 16:50:00,0.4474355094201553
69,91.21,35.11,7,0.934,15,1,30,10,2,question,check_window,0.1,1,-1,0.0,2021-01-02 16:53:00,0.42671831624033624
50,44.22,20.2,3,0.487,6,0,30,10,2,question,check_window,0.1,2,2,0.0013283520132835202,2021-01-02 16:56:00,0.5825619887143663
77,37.95,27.67,1,0.901,2,1,50,10,3,question,check_lightning,0.05,4,7,0.00464923204649232,2021-01-02 17:00:00,0.7437516942430922
7,88.18,0.14,7,0.268,15,0,50,10,7,question,check_heating,0.1,2,-1,0.0,2021-01-02 17:10:00,0.46786211342572187
79,93.51,21.05,7,0.73,15,0,50,10,7,question,check_heating,0.1,2,-1,0.0,2021-01-02 17:13:00,0.6294533288945959
73,47.99,23.63,0,0.688,0,1,70,30,5,task,enable_lightning,0.15,1,6,0.00398505603985056,2021-01-02 17:20:00,0.43250735267685175
60,18.26,16.03,1,0.828,2,1,70,30,5,task,enable_lightning,0.15,3,8,0.00531340805313408,2021-01-02 17:23:00,0.4778464558916745
78,81.69,8.68,3,0.754,7,0,70,30,5,task,enable_lightning,0.15,3,-1,0.0,2021-01-02 17:26:00,0.5149940223187796
57,95.13,23.25,0,0.985,1,1,30,30,6,task,disable_airco,0.25,2,-1,0.0,2021-01-02 17:30:00,0.30446424156999113
45,74.53,24.19,7,0.062,15,0,30,30,6,task,disable_airco,0.25,1,-1,0.0,2021-01-02 17:33:00,0.3005241019623103
58,87.75,9.58,5,0.846,11,1,30,30,6,task,disable_airco,0.25,1,-1,0.0,2021-01-02 17:36:00,0.5503524937620852
24,96.51,36.49,0,0.385,1,1,50,30,1,task,disable_heating,0.2,0,-1,0.0,2021-01-02 17:40:00,0.46675631658876293
23,5.3,28.82,3,0.584,6,1,50,30,1,task,disable_heating,0.2,1,3,0.0019925280199252805,2021-01-02 17:43:00,0.5244554507189253
28,78.54,30.85,2,0.156,5,0,70,10,2,task,open_window,0.2,2,-1,0.0,2021-01-02 17:50:00,0.3954672918884038
25,76.01,23.63,6,0.086,13,1,70,10,2,task,open_window,0.2,3,-1,0.0,2021-01-02 17:53:00,0.2678643768036444
92,97.69,23.86,7,0.77,15,1,70,10,2,task,open_window,0.2,2,-1,0.0,2021-01-02 17:56:00,0.3727708990185492
65,87.2,20.02,6,0.649,13,1,70,10,2,task,open_window,0.2,3,-1,0.0,2021-01-02 17:59:00,0.40184462828664774
8,37.99,17.1,2,0.126,4,0,70,10,2,task,open_window,0.2,4,17,0.011290992112909924,2021-01-02 18:02:00,0.3954915345203668
16,29.93,32.36,0,0.572,0,0,70,10,2,task,open_window,0.2,1,6,0.00398505603985056,2021-01-02 18:05:00,0.47164963314046926
56,49.31,20.23,6,0.588,12,1,70,10,2,task,open_window,0.2,3,3,0.0019925280199252805,2021-01-02 18:08:00,0.4223211945481186
27,7.16,26.17,0,0.953,0,1,70,10,2,task,open_window,0.2,0,6,0.00398505603985056,2021-01-02 18:11:00,0.6253462166606869
19,89.91,5.94,4,0.298,9,0,90,20,2,task,enable_lightning,0.15,3,-1,0.0,2021-01-02 18:00:00,0.39069310237110244
12,72.79,30.43,0,0.085,1,0,90,20,2,task,enable_lightning,0.15,2,-1,0.0,2021-01-02 18:03:00,0.32869052373608015
55,17.28,3.02,5,0.176,10,1,90,20,2,task,enable_lightning,0.15,1,9,0.00597758405977584,2021-01-02 18:06:00,0.3420894525433745
0,80.82,17.75,7,0.926,15,1,90,20,2,task,enable_lightning,0.15,4,-1,0.0,2021-01-02 18:09:00,0.4351757596326623
32,5.44,1.27,7,0.382,14,1,90,20,2,task,enable_lightning,0.15,4,11,0.00730593607305936,2021-01-02 18:12:00,0.2805786583245629
46,35.41,35.99,2,0.478,4,0,90,20,2,task,enable_lightning,0.15,2,17,0.011290992112909924,2021-01-02 18:15:00,0.5408140351559434
39,63.87,28.69,2,0.712,5,0,50,10,4,task,close_window,0.2,1,-1,0.0,2021-01-02 18:10:00,0.49448418169890807
32,5.44,1.27,7,0.382,14,1,50,10,4,task,close_window,0.2,5,11,0.00730593607305936,2021-01-02 18:13:00,0.37589556429365
16,29.93,32.36,0,0.572,0,0,50,10,4,task,close_window,0.2,2,7,0.00464923204649232,2021-01-02 18:16:00,0.3814428280611397
57,95.13,23.25,0,0.985,1,1,50,10,4,task,close_window,0.2,3,-1,0.0,2021-01-02 18:19:00,0.4518797670789163
99,86.0,20.34,3,0.4,7,1,50,10,4,task,close_window,0.2,0,-1,0.0,2021-01-02 18:22:00,0.4834586093561929
44,16.99,19.45,1,0.108,2,0,50,10,4,task,close_window,0.2,2,8,0.00531340805313408,2021-01-02 18:25:00,0.30066028668438793
86,46.58,33.46,1,0.625,2,1,50,10,4,task,close_window,0.2,3,8,0.00531340805313408,2021-01-02 18:28:00,0.48763360505548764
75,55.5,28.27,2,0.169,5,1,50,10,4,task,close_window,0.2,0,-1,0.0,2021-01-02 18:31:00,0.38288101405815006
80,42.3,27.06,4,0.184,8,1,50,10,4,task,close_window,0.2,0,8,0.00531340805313408,2021-01-02 18:34:00,0.5150332157834835
15,64.2,26.98,6,0.806,13,0,70,10,0,question,check_airco,0.1,0,-1,0.0,2021-01-02 18:20:00,0.3556081253300361
14,83.74,33.95,7,0.749,15,1,70,10,0,question,check_airco,0.1,1,-1,0.0,2021-01-02 18:23:00,0.2985937005870421
97,87.73,1.83,0,0.53,1,0,70,10,0,question,check_airco,0.1,1,-1,0.0,2021-01-02 18:26:00,0.6055244245147066
54,36.91,35.8,1,0.151,2,1,90,20,2,question,check_weather,0.05,0,8,0.00531340805313408,2021-01-02 18:30:00,0.4953560978104432
12,72.79,30.43,0,0.085,1,0,90,20,2,question,check_weather,0.05,3,-1,0.0,2021-01-02 18:33:00,0.3597066638435289
14,83.74,33.95,7,0.749,15,1,90,20,2,question,check_weather,0.05,2,-1,0.0,2021-01-02 18:36:00,0.4545102500978294
21,97.01,37.2,2,0.629,5,0,90,20,2,question,check_weather,0.05,1,-1,0.0,2021-01-02 18:39:00,0.682086742849097
47,84.42,14.13,4,0.153,9,1,70,30,5,question,check_lightning,0.05,3,-1,0.0,2021-01-02 18:40:00,0.4624872311861718
75,55.5,28.27,2,0.169,5,1,70,30,5,question,check_lightning,0.05,1,-1,0.0,2021-01-02 18:43:00,0.4038149110973747
67,64.34,6.07,6,0.58,13,0,70,30,5,question,check_lightning,0.05,2,-1,0.0,2021-01-02 18:46:00,0.5838966111324255
43,72.84,35.57,3,0.201,7,0,70,10,2,task,open_window,0.2,2,-1,0.0,2021-01-02 18:50:00,0.372713010558392
34,15.32,7.63,4,0.132,8,0,70,10,2,task,open_window,0.2,1,9,0.00597758405977584,2021-01-02 18:53:00,0.3317954859244648
83,93.36,34.91,6,0.34,13,1,70,10,2,task,open_window,0.2,2,-1,0.0,2021-01-02 18:56:00,0.3219652003721089
93,46.73,7.05,5,0.924,10,0,70,10,2,task,open_window,0.2,2,9,0.00597758405977584,2021-01-02 18:59:00,0.5363366387283577
